{"1pj6qcn": 1765386289.854694, "1pj4jxn": 1765386289.854694, "1pj3lb1": 1765386289.854694, "1pj24st": 1765386289.854694, "1pj1me6": 1765386289.854694, "1pizpfv": 1765386289.854694, "1pizm1h": 1765386289.854694, "1pizf6a": 1765386289.854694, "1piz5ov": 1765386289.854694, "1piydq0": 1765386289.854694, "1pixxfj": 1765386289.854694, "1piwtss": 1765386289.854694, "1piwgcr": 1765386289.854694, "1piua29": 1765386289.854694, "1pj7kxk": 1765386293.091833, "1pj60l9": 1765386293.091833, "1pj3ku6": 1765386293.091833, "1pj237w": 1765386293.091833, "1pj1k25": 1765386293.091833, "1pj15m2": 1765386294.621384, "1pj11xs": 1765386294.622114, "1pizew4": 1765386296.157119, "1piywsr": 1765386296.157119, "1piyk19": 1765386296.157119, "1piwlod": 1765386296.157119, "1pivcq1": 1765386296.157119, "1piulv3": 1765386296.157119, "1pj4mb8": 1765386299.52365, "1pj2e6q": 1765386299.52365, "1pj28a6": 1765386299.52365, "1pj05i6": 1765386299.52365, "1piy3mv": 1765386299.52365, "1piy3jb": 1765386299.52365, "1pix8ru": 1765386299.52365, "1pivpw2": 1765386299.52415, "1pius7a": 1765386299.52415, "1pj7nzi": 1765386305.937121, "1pj7mzw": 1765386305.937121, "1pj7gp9": 1765386305.937121, "1pj7e6v": 1765386305.937121, "1pj7df9": 1765386305.937121, "1pj74p7": 1765386305.937121, "1pj6s79": 1765386305.937121, "1pj6mgf": 1765386305.937121, "1pj68sf": 1765386305.93762, "1pj672z": 1765386305.93762, "1pj63cy": 1765386305.93762, "1pj5xpm": 1765386305.93762, "1pj5u1k": 1765386305.93762, "1pj5t0k": 1765386305.93762, "1pj5sxe": 1765386305.93762, "1pj5qvo": 1765386305.93762, "1pj5nt7": 1765386305.93762, "1pj5fi0": 1765386305.93762, "1pj59mt": 1765386305.93762, "1pj4wsg": 1765386305.93762, "1pj4tuo": 1765386305.93762, "1pj4se6": 1765386305.93762, "1pj4ixy": 1765386305.93762, "1pj4he8": 1765386305.93812, "1pj4f81": 1765386305.93812, "1pj85hb": 1765386691.081385, "1pj83v5": 1765386691.081385, "1pj89nx": 1765386897.514294, "1pj88ie": 1765386897.514294, "1pj8cd2": 1765387093.481726, "1pj8h9w": 1765387485.961793, "1pj8u4o": 1765388076.290431, "1pj99aq": 1765389057.729415}